Workbook

Sheet Как пользоваться
A1: Ассортиментная матрица
A2: Таблица раскладывает товары по роли, цене, вкладу в выручку (ABC) и стабильности спроса (XYZ) и подсказывает политику запасов для каждой ячейки матрицы.
A4: 1. Выгрузите из кабинетов выручку (лучше маржинальный доход) по каждому товару и продажи в штуках по месяцам за 6-12 месяцев. Впишите на лист «Товары».
A5: 2. Назначьте каждому товару роль. Это ваше решение, таблица её не считает.
A6: 3. Смотрите колонки ABC, XYZ и «Политика»: они считаются сами. Лист «Матрица» показывает, сколько товаров и выручки в каждой ячейке.
A7: 4. Лист «Лестница цен» покажет, как ассортимент распределён по ценам.
A8: 5. Новинки и сезонные товары вынесите отдельно. Пересчитывайте раз в квартал или перед большой закупкой.
A10: Строки с пометкой «пример» можно удалить. Ставки комиссий и тарифы берите в кабинете площадки.

Sheet Товары
A1: Товар | B1: Роль товара | C1: Цена, ₽ | D1: Выручка за период, ₽ | E1: Месяц 1, шт. | F1: Месяц 2, шт. | G1: Месяц 3, шт. | H1: Месяц 4, шт. | I1: Месяц 5, шт. | J1: Месяц 6, шт. | K1: Доля в выручке, % | L1: Накопительная доля, % | M1: ABC | N1: Среднее в месяц, шт. | O1: Стандартное отклонение, шт. | P1: Коэффициент вариации, % | Q1: XYZ | R1: Ячейка | S1: Политика закупки и запаса
A2: Рюкзак городской (пример) | B2: Основной доход | C2: 3000 | D2: 720000 | E2: 40 | F2: 42 | G2: 38 | H2: 41 | I2: 39 | J2: 40 | K2: =IF(SUM(D:D)=0,"",D2/SUM(D:D)*100) | L2: =IF(OR(D2="",SUM(D:D)=0),"",ROUND(SUMIF(D:D,">="&D2)/SUM(D:D)*100,4)) | M2: =IF(L2="","",IF(L2<=80,"A",IF(L2<=95,"B","C"))) | N2: =IF(COUNT(E2:J2)=0,"",AVERAGE(E2:J2)) | O2: =IF(COUNT(E2:J2)=0,"",STDEVP(E2:J2)) | P2: =IF(N(N2)=0,"",O2/N2*100) | Q2: =IF(N2="","",IF(P2="","Z",IF(P2<=10,"X",IF(P2<=25,"Y","Z")))) | R2: =IF(OR(M2="",Q2=""),"",M2&Q2) | S2: =IF(R2="","",IF(OR(R2="AX",R2="BX"),"Поставки точно в срок, частые небольшие партии",IF(OR(R2="AY",R2="BY"),"Страховой запас и контроль уровня",IF(OR(R2="AZ",R2="BZ"),"Минимум запаса или заказ под спрос, постоянное внимание","Большие интервалы между поставками, подумайте, нужен ли товар"))))
A3: Сумка через плечо (пример) | B3: Основной доход | C3: 2000 | D3: 400000 | E3: 32 | F3: 35 | G3: 28 | H3: 38 | I3: 30 | J3: 37 | K3: =IF(SUM(D:D)=0,"",D3/SUM(D:D)*100) | L3: =IF(OR(D3="",SUM(D:D)=0),"",ROUND(SUMIF(D:D,">="&D3)/SUM(D:D)*100,4)) | M3: =IF(L3="","",IF(L3<=80,"A",IF(L3<=95,"B","C"))) | N3: =IF(COUNT(E3:J3)=0,"",AVERAGE(E3:J3)) | O3: =IF(COUNT(E3:J3)=0,"",STDEVP(E3:J3)) | P3: =IF(N(N3)=0,"",O3/N3*100) | Q3: =IF(N3="","",IF(P3="","Z",IF(P3<=10,"X",IF(P3<=25,"Y","Z")))) | R3: =IF(OR(M3="",Q3=""),"",M3&Q3) | S3: =IF(R3="","",IF(OR(R3="AX",R3="BX"),"Поставки точно в срок, частые небольшие партии",IF(OR(R3="AY",R3="BY"),"Страховой запас и контроль уровня",IF(OR(R3="AZ",R3="BZ"),"Минимум запаса или заказ под спрос, постоянное внимание","Большие интервалы между поставками, подумайте, нужен ли товар"))))
A4: Кошелёк (пример) | B4: Трафик | C4: 800 | D4: 288000 | E4: 60 | F4: 55 | G4: 65 | H4: 58 | I4: 62 | J4: 60 | K4: =IF(SUM(D:D)=0,"",D4/SUM(D:D)*100) | L4: =IF(OR(D4="",SUM(D:D)=0),"",ROUND(SUMIF(D:D,">="&D4)/SUM(D:D)*100,4)) | M4: =IF(L4="","",IF(L4<=80,"A",IF(L4<=95,"B","C"))) | N4: =IF(COUNT(E4:J4)=0,"",AVERAGE(E4:J4)) | O4: =IF(COUNT(E4:J4)=0,"",STDEVP(E4:J4)) | P4: =IF(N(N4)=0,"",O4/N4*100) | Q4: =IF(N4="","",IF(P4="","Z",IF(P4<=10,"X",IF(P4<=25,"Y","Z")))) | R4: =IF(OR(M4="",Q4=""),"",M4&Q4) | S4: =IF(R4="","",IF(OR(R4="AX",R4="BX"),"Поставки точно в срок, частые небольшие партии",IF(OR(R4="AY",R4="BY"),"Страховой запас и контроль уровня",IF(OR(R4="AZ",R4="BZ"),"Минимум запаса или заказ под спрос, постоянное внимание","Большие интервалы между поставками, подумайте, нужен ли товар"))))
A5: Чехол для ноутбука (пример) | B5: Дополнение | C5: 1200 | D5: 150000 | E5: 10 | F5: 45 | G5: 5 | H5: 30 | I5: 10 | J5: 25 | K5: =IF(SUM(D:D)=0,"",D5/SUM(D:D)*100) | L5: =IF(OR(D5="",SUM(D:D)=0),"",ROUND(SUMIF(D:D,">="&D5)/SUM(D:D)*100,4)) | M5: =IF(L5="","",IF(L5<=80,"A",IF(L5<=95,"B","C"))) | N5: =IF(COUNT(E5:J5)=0,"",AVERAGE(E5:J5)) | O5: =IF(COUNT(E5:J5)=0,"",STDEVP(E5:J5)) | P5: =IF(N(N5)=0,"",O5/N5*100) | Q5: =IF(N5="","",IF(P5="","Z",IF(P5<=10,"X",IF(P5<=25,"Y","Z")))) | R5: =IF(OR(M5="",Q5=""),"",M5&Q5) | S5: =IF(R5="","",IF(OR(R5="AX",R5="BX"),"Поставки точно в срок, частые небольшие партии",IF(OR(R5="AY",R5="BY"),"Страховой запас и контроль уровня",IF(OR(R5="AZ",R5="BZ"),"Минимум запаса или заказ под спрос, постоянное внимание","Большие интервалы между поставками, подумайте, нужен ли товар"))))
A6: Ремень кожаный (пример) | B6: Имидж | C6: 6000 | D6: 90000 | E6: 3 | F6: 2 | G6: 3 | H6: 2 | I6: 3 | J6: 2 | K6: =IF(SUM(D:D)=0,"",D6/SUM(D:D)*100) | L6: =IF(OR(D6="",SUM(D:D)=0),"",ROUND(SUMIF(D:D,">="&D6)/SUM(D:D)*100,4)) | M6: =IF(L6="","",IF(L6<=80,"A",IF(L6<=95,"B","C"))) | N6: =IF(COUNT(E6:J6)=0,"",AVERAGE(E6:J6)) | O6: =IF(COUNT(E6:J6)=0,"",STDEVP(E6:J6)) | P6: =IF(N(N6)=0,"",O6/N6*100) | Q6: =IF(N6="","",IF(P6="","Z",IF(P6<=10,"X",IF(P6<=25,"Y","Z")))) | R6: =IF(OR(M6="",Q6=""),"",M6&Q6) | S6: =IF(R6="","",IF(OR(R6="AX",R6="BX"),"Поставки точно в срок, частые небольшие партии",IF(OR(R6="AY",R6="BY"),"Страховой запас и контроль уровня",IF(OR(R6="AZ",R6="BZ"),"Минимум запаса или заказ под спрос, постоянное внимание","Большие интервалы между поставками, подумайте, нужен ли товар"))))
K7: =IF(SUM(D:D)=0,"",D7/SUM(D:D)*100) | L7: =IF(OR(D7="",SUM(D:D)=0),"",ROUND(SUMIF(D:D,">="&D7)/SUM(D:D)*100,4)) | M7: =IF(L7="","",IF(L7<=80,"A",IF(L7<=95,"B","C"))) | N7: =IF(COUNT(E7:J7)=0,"",AVERAGE(E7:J7)) | O7: =IF(COUNT(E7:J7)=0,"",STDEVP(E7:J7)) | P7: =IF(N(N7)=0,"",O7/N7*100) | Q7: =IF(N7="","",IF(P7="","Z",IF(P7<=10,"X",IF(P7<=25,"Y","Z")))) | R7: =IF(OR(M7="",Q7=""),"",M7&Q7) | S7: =IF(R7="","",IF(OR(R7="AX",R7="BX"),"Поставки точно в срок, частые небольшие партии",IF(OR(R7="AY",R7="BY"),"Страховой запас и контроль уровня",IF(OR(R7="AZ",R7="BZ"),"Минимум запаса или заказ под спрос, постоянное внимание","Большие интервалы между поставками, подумайте, нужен ли товар"))))
K8: =IF(SUM(D:D)=0,"",D8/SUM(D:D)*100) | L8: =IF(OR(D8="",SUM(D:D)=0),"",ROUND(SUMIF(D:D,">="&D8)/SUM(D:D)*100,4)) | M8: =IF(L8="","",IF(L8<=80,"A",IF(L8<=95,"B","C"))) | N8: =IF(COUNT(E8:J8)=0,"",AVERAGE(E8:J8)) | O8: =IF(COUNT(E8:J8)=0,"",STDEVP(E8:J8)) | P8: =IF(N(N8)=0,"",O8/N8*100) | Q8: =IF(N8="","",IF(P8="","Z",IF(P8<=10,"X",IF(P8<=25,"Y","Z")))) | R8: =IF(OR(M8="",Q8=""),"",M8&Q8) | S8: =IF(R8="","",IF(OR(R8="AX",R8="BX"),"Поставки точно в срок, частые небольшие партии",IF(OR(R8="AY",R8="BY"),"Страховой запас и контроль уровня",IF(OR(R8="AZ",R8="BZ"),"Минимум запаса или заказ под спрос, постоянное внимание","Большие интервалы между поставками, подумайте, нужен ли товар"))))
K9: =IF(SUM(D:D)=0,"",D9/SUM(D:D)*100) | L9: =IF(OR(D9="",SUM(D:D)=0),"",ROUND(SUMIF(D:D,">="&D9)/SUM(D:D)*100,4)) | M9: =IF(L9="","",IF(L9<=80,"A",IF(L9<=95,"B","C"))) | N9: =IF(COUNT(E9:J9)=0,"",AVERAGE(E9:J9)) | O9: =IF(COUNT(E9:J9)=0,"",STDEVP(E9:J9)) | P9: =IF(N(N9)=0,"",O9/N9*100) | Q9: =IF(N9="","",IF(P9="","Z",IF(P9<=10,"X",IF(P9<=25,"Y","Z")))) | R9: =IF(OR(M9="",Q9=""),"",M9&Q9) | S9: =IF(R9="","",IF(OR(R9="AX",R9="BX"),"Поставки точно в срок, частые небольшие партии",IF(OR(R9="AY",R9="BY"),"Страховой запас и контроль уровня",IF(OR(R9="AZ",R9="BZ"),"Минимум запаса или заказ под спрос, постоянное внимание","Большие интервалы между поставками, подумайте, нужен ли товар"))))
K10: =IF(SUM(D:D)=0,"",D10/SUM(D:D)*100) | L10: =IF(OR(D10="",SUM(D:D)=0),"",ROUND(SUMIF(D:D,">="&D10)/SUM(D:D)*100,4)) | M10: =IF(L10="","",IF(L10<=80,"A",IF(L10<=95,"B","C"))) | N10: =IF(COUNT(E10:J10)=0,"",AVERAGE(E10:J10)) | O10: =IF(COUNT(E10:J10)=0,"",STDEVP(E10:J10)) | P10: =IF(N(N10)=0,"",O10/N10*100) | Q10: =IF(N10="","",IF(P10="","Z",IF(P10<=10,"X",IF(P10<=25,"Y","Z")))) | R10: =IF(OR(M10="",Q10=""),"",M10&Q10) | S10: =IF(R10="","",IF(OR(R10="AX",R10="BX"),"Поставки точно в срок, частые небольшие партии",IF(OR(R10="AY",R10="BY"),"Страховой запас и контроль уровня",IF(OR(R10="AZ",R10="BZ"),"Минимум запаса или заказ под спрос, постоянное внимание","Большие интервалы между поставками, подумайте, нужен ли товар"))))
K11: =IF(SUM(D:D)=0,"",D11/SUM(D:D)*100) | L11: =IF(OR(D11="",SUM(D:D)=0),"",ROUND(SUMIF(D:D,">="&D11)/SUM(D:D)*100,4)) | M11: =IF(L11="","",IF(L11<=80,"A",IF(L11<=95,"B","C"))) | N11: =IF(COUNT(E11:J11)=0,"",AVERAGE(E11:J11)) | O11: =IF(COUNT(E11:J11)=0,"",STDEVP(E11:J11)) | P11: =IF(N(N11)=0,"",O11/N11*100) | Q11: =IF(N11="","",IF(P11="","Z",IF(P11<=10,"X",IF(P11<=25,"Y","Z")))) | R11: =IF(OR(M11="",Q11=""),"",M11&Q11) | S11: =IF(R11="","",IF(OR(R11="AX",R11="BX"),"Поставки точно в срок, частые небольшие партии",IF(OR(R11="AY",R11="BY"),"Страховой запас и контроль уровня",IF(OR(R11="AZ",R11="BZ"),"Минимум запаса или заказ под спрос, постоянное внимание","Большие интервалы между поставками, подумайте, нужен ли товар"))))
K12: =IF(SUM(D:D)=0,"",D12/SUM(D:D)*100) | L12: =IF(OR(D12="",SUM(D:D)=0),"",ROUND(SUMIF(D:D,">="&D12)/SUM(D:D)*100,4)) | M12: =IF(L12="","",IF(L12<=80,"A",IF(L12<=95,"B","C"))) | N12: =IF(COUNT(E12:J12)=0,"",AVERAGE(E12:J12)) | O12: =IF(COUNT(E12:J12)=0,"",STDEVP(E12:J12)) | P12: =IF(N(N12)=0,"",O12/N12*100) | Q12: =IF(N12="","",IF(P12="","Z",IF(P12<=10,"X",IF(P12<=25,"Y","Z")))) | R12: =IF(OR(M12="",Q12=""),"",M12&Q12) | S12: =IF(R12="","",IF(OR(R12="AX",R12="BX"),"Поставки точно в срок, частые небольшие партии",IF(OR(R12="AY",R12="BY"),"Страховой запас и контроль уровня",IF(OR(R12="AZ",R12="BZ"),"Минимум запаса или заказ под спрос, постоянное внимание","Большие интервалы между поставками, подумайте, нужен ли товар"))))
K13: =IF(SUM(D:D)=0,"",D13/SUM(D:D)*100) | L13: =IF(OR(D13="",SUM(D:D)=0),"",ROUND(SUMIF(D:D,">="&D13)/SUM(D:D)*100,4)) | M13: =IF(L13="","",IF(L13<=80,"A",IF(L13<=95,"B","C"))) | N13: =IF(COUNT(E13:J13)=0,"",AVERAGE(E13:J13)) | O13: =IF(COUNT(E13:J13)=0,"",STDEVP(E13:J13)) | P13: =IF(N(N13)=0,"",O13/N13*100) | Q13: =IF(N13="","",IF(P13="","Z",IF(P13<=10,"X",IF(P13<=25,"Y","Z")))) | R13: =IF(OR(M13="",Q13=""),"",M13&Q13) | S13: =IF(R13="","",IF(OR(R13="AX",R13="BX"),"Поставки точно в срок, частые небольшие партии",IF(OR(R13="AY",R13="BY"),"Страховой запас и контроль уровня",IF(OR(R13="AZ",R13="BZ"),"Минимум запаса или заказ под спрос, постоянное внимание","Большие интервалы между поставками, подумайте, нужен ли товар"))))
K14: =IF(SUM(D:D)=0,"",D14/SUM(D:D)*100) | L14: =IF(OR(D14="",SUM(D:D)=0),"",ROUND(SUMIF(D:D,">="&D14)/SUM(D:D)*100,4)) | M14: =IF(L14="","",IF(L14<=80,"A",IF(L14<=95,"B","C"))) | N14: =IF(COUNT(E14:J14)=0,"",AVERAGE(E14:J14)) | O14: =IF(COUNT(E14:J14)=0,"",STDEVP(E14:J14)) | P14: =IF(N(N14)=0,"",O14/N14*100) | Q14: =IF(N14="","",IF(P14="","Z",IF(P14<=10,"X",IF(P14<=25,"Y","Z")))) | R14: =IF(OR(M14="",Q14=""),"",M14&Q14) | S14: =IF(R14="","",IF(OR(R14="AX",R14="BX"),"Поставки точно в срок, частые небольшие партии",IF(OR(R14="AY",R14="BY"),"Страховой запас и контроль уровня",IF(OR(R14="AZ",R14="BZ"),"Минимум запаса или заказ под спрос, постоянное внимание","Большие интервалы между поставками, подумайте, нужен ли товар"))))
K15: =IF(SUM(D:D)=0,"",D15/SUM(D:D)*100) | L15: =IF(OR(D15="",SUM(D:D)=0),"",ROUND(SUMIF(D:D,">="&D15)/SUM(D:D)*100,4)) | M15: =IF(L15="","",IF(L15<=80,"A",IF(L15<=95,"B","C"))) | N15: =IF(COUNT(E15:J15)=0,"",AVERAGE(E15:J15)) | O15: =IF(COUNT(E15:J15)=0,"",STDEVP(E15:J15)) | P15: =IF(N(N15)=0,"",O15/N15*100) | Q15: =IF(N15="","",IF(P15="","Z",IF(P15<=10,"X",IF(P15<=25,"Y","Z")))) | R15: =IF(OR(M15="",Q15=""),"",M15&Q15) | S15: =IF(R15="","",IF(OR(R15="AX",R15="BX"),"Поставки точно в срок, частые небольшие партии",IF(OR(R15="AY",R15="BY"),"Страховой запас и контроль уровня",IF(OR(R15="AZ",R15="BZ"),"Минимум запаса или заказ под спрос, постоянное внимание","Большие интервалы между поставками, подумайте, нужен ли товар"))))
K16: =IF(SUM(D:D)=0,"",D16/SUM(D:D)*100) | L16: =IF(OR(D16="",SUM(D:D)=0),"",ROUND(SUMIF(D:D,">="&D16)/SUM(D:D)*100,4)) | M16: =IF(L16="","",IF(L16<=80,"A",IF(L16<=95,"B","C"))) | N16: =IF(COUNT(E16:J16)=0,"",AVERAGE(E16:J16)) | O16: =IF(COUNT(E16:J16)=0,"",STDEVP(E16:J16)) | P16: =IF(N(N16)=0,"",O16/N16*100) | Q16: =IF(N16="","",IF(P16="","Z",IF(P16<=10,"X",IF(P16<=25,"Y","Z")))) | R16: =IF(OR(M16="",Q16=""),"",M16&Q16) | S16: =IF(R16="","",IF(OR(R16="AX",R16="BX"),"Поставки точно в срок, частые небольшие партии",IF(OR(R16="AY",R16="BY"),"Страховой запас и контроль уровня",IF(OR(R16="AZ",R16="BZ"),"Минимум запаса или заказ под спрос, постоянное внимание","Большие интервалы между поставками, подумайте, нужен ли товар"))))
K17: =IF(SUM(D:D)=0,"",D17/SUM(D:D)*100) | L17: =IF(OR(D17="",SUM(D:D)=0),"",ROUND(SUMIF(D:D,">="&D17)/SUM(D:D)*100,4)) | M17: =IF(L17="","",IF(L17<=80,"A",IF(L17<=95,"B","C"))) | N17: =IF(COUNT(E17:J17)=0,"",AVERAGE(E17:J17)) | O17: =IF(COUNT(E17:J17)=0,"",STDEVP(E17:J17)) | P17: =IF(N(N17)=0,"",O17/N17*100) | Q17: =IF(N17="","",IF(P17="","Z",IF(P17<=10,"X",IF(P17<=25,"Y","Z")))) | R17: =IF(OR(M17="",Q17=""),"",M17&Q17) | S17: =IF(R17="","",IF(OR(R17="AX",R17="BX"),"Поставки точно в срок, частые небольшие партии",IF(OR(R17="AY",R17="BY"),"Страховой запас и контроль уровня",IF(OR(R17="AZ",R17="BZ"),"Минимум запаса или заказ под спрос, постоянное внимание","Большие интервалы между поставками, подумайте, нужен ли товар"))))
K18: =IF(SUM(D:D)=0,"",D18/SUM(D:D)*100) | L18: =IF(OR(D18="",SUM(D:D)=0),"",ROUND(SUMIF(D:D,">="&D18)/SUM(D:D)*100,4)) | M18: =IF(L18="","",IF(L18<=80,"A",IF(L18<=95,"B","C"))) | N18: =IF(COUNT(E18:J18)=0,"",AVERAGE(E18:J18)) | O18: =IF(COUNT(E18:J18)=0,"",STDEVP(E18:J18)) | P18: =IF(N(N18)=0,"",O18/N18*100) | Q18: =IF(N18="","",IF(P18="","Z",IF(P18<=10,"X",IF(P18<=25,"Y","Z")))) | R18: =IF(OR(M18="",Q18=""),"",M18&Q18) | S18: =IF(R18="","",IF(OR(R18="AX",R18="BX"),"Поставки точно в срок, частые небольшие партии",IF(OR(R18="AY",R18="BY"),"Страховой запас и контроль уровня",IF(OR(R18="AZ",R18="BZ"),"Минимум запаса или заказ под спрос, постоянное внимание","Большие интервалы между поставками, подумайте, нужен ли товар"))))
... K36: =IF(SUM(D:D)=0,"",D36/SUM(D:D)*100) | L36: =IF(OR(D36="",SUM(D:D)=0),"",ROUND(SUMIF(D:D,">="&D36)/SUM(D:D)*100,4)) | M36: =IF(L36="","",IF(L36<=80,"A",IF(L36<=95,"B","C"))) | N36: =IF(COUNT(E36:J36)=0,"",AVERAGE(E36:J36)) | O36: =IF(COUNT(E36:J36)=0,"",STDEVP(E36:J36)) | P36: =IF(N(N36)=0,"",O36/N36*100) | Q36: =IF(N36="","",IF(P36="","Z",IF(P36<=10,"X",IF(P36<=25,"Y","Z")))) | R36: =IF(OR(M36="",Q36=""),"",M36&Q36) | S36: =IF(R36="","",IF(OR(R36="AX",R36="BX"),"Поставки точно в срок, частые небольшие партии",IF(OR(R36="AY",R36="BY"),"Страховой запас и контроль уровня",IF(OR(R36="AZ",R36="BZ"),"Минимум запаса или заказ под спрос, постоянное внимание","Большие интервалы между поставками, подумайте, нужен ли товар"))))
A38: Числа в примере условные: пять товаров вместо десяти ради краткости. Для настоящего разбора нужно не меньше десяти товаров и 6-12 месяцев продаж. В таблице шесть колонок месяцев: если у вас больше, добавьте колонки внутрь диапазона формул E:J.
A39: Выручка: лучше маржинальный доход по товару, если он у вас есть. Не считайте ABC по штукам.
A40: ABC: накопительная доля считается без сортировки. Границы 80% и 95% условные, подстройте их в формуле колонки ABC под себя.
A41: XYZ: коэффициент вариации = стандартное отклонение по месяцам, делённое на среднее. Границы до 10% (X), до 25% (Y), выше (Z) тоже договорённость, а не стандарт. Товар с нулями во всех месяцах попадает в Z. Если месяцы не заполнены совсем, XYZ и ячейка остаются пустыми.
A42: Роль товара: ваше решение. Например, «Трафик» (приводит покупателей), «Основной доход», «Дополнение» к основному товару, «Имидж». Назначайте роль до расчёта и сверьте с матрицей: если «основной» товар оказался в C, пересмотрите роль.
A43: Особые случаи: новинки младше нескольких месяцев и сезонные товары вынесите на отдельный лист и считайте внутри сезона. Годовые данные по сезонному товару дают ложную стабильность.
A44: Политика по ячейкам: один из распространённых вариантов. Прежде чем выкидывать товары группы C, проверьте, не нужны ли они для полноты ассортимента.

Sheet Матрица
A1: Ячейка | B1: Товаров | C1: Выручка, ₽ | D1: Доля выручки, %
A2: AX | B2: =IF(A2="","",COUNTIF('Товары'!$R:$R,A2)) | C2: =IF(A2="","",SUMIF('Товары'!$R:$R,A2,'Товары'!$D:$D)) | D2: =IF(OR(A2="",SUM(C:C)=0),"",C2/SUM(C:C)*100)
A3: AY | B3: =IF(A3="","",COUNTIF('Товары'!$R:$R,A3)) | C3: =IF(A3="","",SUMIF('Товары'!$R:$R,A3,'Товары'!$D:$D)) | D3: =IF(OR(A3="",SUM(C:C)=0),"",C3/SUM(C:C)*100)
A4: AZ | B4: =IF(A4="","",COUNTIF('Товары'!$R:$R,A4)) | C4: =IF(A4="","",SUMIF('Товары'!$R:$R,A4,'Товары'!$D:$D)) | D4: =IF(OR(A4="",SUM(C:C)=0),"",C4/SUM(C:C)*100)
A5: BX | B5: =IF(A5="","",COUNTIF('Товары'!$R:$R,A5)) | C5: =IF(A5="","",SUMIF('Товары'!$R:$R,A5,'Товары'!$D:$D)) | D5: =IF(OR(A5="",SUM(C:C)=0),"",C5/SUM(C:C)*100)
A6: BY | B6: =IF(A6="","",COUNTIF('Товары'!$R:$R,A6)) | C6: =IF(A6="","",SUMIF('Товары'!$R:$R,A6,'Товары'!$D:$D)) | D6: =IF(OR(A6="",SUM(C:C)=0),"",C6/SUM(C:C)*100)
A7: BZ | B7: =IF(A7="","",COUNTIF('Товары'!$R:$R,A7)) | C7: =IF(A7="","",SUMIF('Товары'!$R:$R,A7,'Товары'!$D:$D)) | D7: =IF(OR(A7="",SUM(C:C)=0),"",C7/SUM(C:C)*100)
A8: CX | B8: =IF(A8="","",COUNTIF('Товары'!$R:$R,A8)) | C8: =IF(A8="","",SUMIF('Товары'!$R:$R,A8,'Товары'!$D:$D)) | D8: =IF(OR(A8="",SUM(C:C)=0),"",C8/SUM(C:C)*100)
A9: CY | B9: =IF(A9="","",COUNTIF('Товары'!$R:$R,A9)) | C9: =IF(A9="","",SUMIF('Товары'!$R:$R,A9,'Товары'!$D:$D)) | D9: =IF(OR(A9="",SUM(C:C)=0),"",C9/SUM(C:C)*100)
A10: CZ | B10: =IF(A10="","",COUNTIF('Товары'!$R:$R,A10)) | C10: =IF(A10="","",SUMIF('Товары'!$R:$R,A10,'Товары'!$D:$D)) | D10: =IF(OR(A10="",SUM(C:C)=0),"",C10/SUM(C:C)*100)
B11: =IF(A11="","",COUNTIF('Товары'!$R:$R,A11)) | C11: =IF(A11="","",SUMIF('Товары'!$R:$R,A11,'Товары'!$D:$D)) | D11: =IF(OR(A11="",SUM(C:C)=0),"",C11/SUM(C:C)*100)
B12: =IF(A12="","",COUNTIF('Товары'!$R:$R,A12)) | C12: =IF(A12="","",SUMIF('Товары'!$R:$R,A12,'Товары'!$D:$D)) | D12: =IF(OR(A12="",SUM(C:C)=0),"",C12/SUM(C:C)*100)
B13: =IF(A13="","",COUNTIF('Товары'!$R:$R,A13)) | C13: =IF(A13="","",SUMIF('Товары'!$R:$R,A13,'Товары'!$D:$D)) | D13: =IF(OR(A13="",SUM(C:C)=0),"",C13/SUM(C:C)*100)
B14: =IF(A14="","",COUNTIF('Товары'!$R:$R,A14)) | C14: =IF(A14="","",SUMIF('Товары'!$R:$R,A14,'Товары'!$D:$D)) | D14: =IF(OR(A14="",SUM(C:C)=0),"",C14/SUM(C:C)*100)
B15: =IF(A15="","",COUNTIF('Товары'!$R:$R,A15)) | C15: =IF(A15="","",SUMIF('Товары'!$R:$R,A15,'Товары'!$D:$D)) | D15: =IF(OR(A15="",SUM(C:C)=0),"",C15/SUM(C:C)*100)
B16: =IF(A16="","",COUNTIF('Товары'!$R:$R,A16)) | C16: =IF(A16="","",SUMIF('Товары'!$R:$R,A16,'Товары'!$D:$D)) | D16: =IF(OR(A16="",SUM(C:C)=0),"",C16/SUM(C:C)*100)
B17: =IF(A17="","",COUNTIF('Товары'!$R:$R,A17)) | C17: =IF(A17="","",SUMIF('Товары'!$R:$R,A17,'Товары'!$D:$D)) | D17: =IF(OR(A17="",SUM(C:C)=0),"",C17/SUM(C:C)*100)
B18: =IF(A18="","",COUNTIF('Товары'!$R:$R,A18)) | C18: =IF(A18="","",SUMIF('Товары'!$R:$R,A18,'Товары'!$D:$D)) | D18: =IF(OR(A18="",SUM(C:C)=0),"",C18/SUM(C:C)*100)
B19: =IF(A19="","",COUNTIF('Товары'!$R:$R,A19)) | C19: =IF(A19="","",SUMIF('Товары'!$R:$R,A19,'Товары'!$D:$D)) | D19: =IF(OR(A19="",SUM(C:C)=0),"",C19/SUM(C:C)*100)
B20: =IF(A20="","",COUNTIF('Товары'!$R:$R,A20)) | C20: =IF(A20="","",SUMIF('Товары'!$R:$R,A20,'Товары'!$D:$D)) | D20: =IF(OR(A20="",SUM(C:C)=0),"",C20/SUM(C:C)*100)
B21: =IF(A21="","",COUNTIF('Товары'!$R:$R,A21)) | C21: =IF(A21="","",SUMIF('Товары'!$R:$R,A21,'Товары'!$D:$D)) | D21: =IF(OR(A21="",SUM(C:C)=0),"",C21/SUM(C:C)*100)
B22: =IF(A22="","",COUNTIF('Товары'!$R:$R,A22)) | C22: =IF(A22="","",SUMIF('Товары'!$R:$R,A22,'Товары'!$D:$D)) | D22: =IF(OR(A22="",SUM(C:C)=0),"",C22/SUM(C:C)*100)
... B40: =IF(A40="","",COUNTIF('Товары'!$R:$R,A40)) | C40: =IF(A40="","",SUMIF('Товары'!$R:$R,A40,'Товары'!$D:$D)) | D40: =IF(OR(A40="",SUM(C:C)=0),"",C40/SUM(C:C)*100)
A42: Матрица 3 на 3: сколько товаров и какая доля выручки в каждой ячейке. Сумма доли выручки должна быть 100%, а сумма товаров равна числу строк на листе «Товары».
A43: Первая буква показывает ABC (вклад в выручку), вторая XYZ (стабильность спроса). Политику для каждой ячейки смотрите в последней колонке листа «Товары».

Sheet Лестница цен
A1: Ценовой диапазон | B1: От, ₽ | C1: До, ₽ (не включая) | D1: Товаров | E1: Выручка, ₽
A2: Низкая цена | B2: 0 | C2: 1000 | D2: =IF(OR(B2="",C2=""),"",COUNTIFS('Товары'!$C:$C,">="&B2,'Товары'!$C:$C,"<"&C2)) | E2: =IF(OR(B2="",C2=""),"",SUMIFS('Товары'!$D:$D,'Товары'!$C:$C,">="&B2,'Товары'!$C:$C,"<"&C2))
A3: Средняя цена | B3: 1000 | C3: 2500 | D3: =IF(OR(B3="",C3=""),"",COUNTIFS('Товары'!$C:$C,">="&B3,'Товары'!$C:$C,"<"&C3)) | E3: =IF(OR(B3="",C3=""),"",SUMIFS('Товары'!$D:$D,'Товары'!$C:$C,">="&B3,'Товары'!$C:$C,"<"&C3))
A4: Высокая цена | B4: 2500 | C4: 5000 | D4: =IF(OR(B4="",C4=""),"",COUNTIFS('Товары'!$C:$C,">="&B4,'Товары'!$C:$C,"<"&C4)) | E4: =IF(OR(B4="",C4=""),"",SUMIFS('Товары'!$D:$D,'Товары'!$C:$C,">="&B4,'Товары'!$C:$C,"<"&C4))
A5: Премиум | B5: 5000 | C5: 100000 | D5: =IF(OR(B5="",C5=""),"",COUNTIFS('Товары'!$C:$C,">="&B5,'Товары'!$C:$C,"<"&C5)) | E5: =IF(OR(B5="",C5=""),"",SUMIFS('Товары'!$D:$D,'Товары'!$C:$C,">="&B5,'Товары'!$C:$C,"<"&C5))
D6: =IF(OR(B6="",C6=""),"",COUNTIFS('Товары'!$C:$C,">="&B6,'Товары'!$C:$C,"<"&C6)) | E6: =IF(OR(B6="",C6=""),"",SUMIFS('Товары'!$D:$D,'Товары'!$C:$C,">="&B6,'Товары'!$C:$C,"<"&C6))
D7: =IF(OR(B7="",C7=""),"",COUNTIFS('Товары'!$C:$C,">="&B7,'Товары'!$C:$C,"<"&C7)) | E7: =IF(OR(B7="",C7=""),"",SUMIFS('Товары'!$D:$D,'Товары'!$C:$C,">="&B7,'Товары'!$C:$C,"<"&C7))
D8: =IF(OR(B8="",C8=""),"",COUNTIFS('Товары'!$C:$C,">="&B8,'Товары'!$C:$C,"<"&C8)) | E8: =IF(OR(B8="",C8=""),"",SUMIFS('Товары'!$D:$D,'Товары'!$C:$C,">="&B8,'Товары'!$C:$C,"<"&C8))
D9: =IF(OR(B9="",C9=""),"",COUNTIFS('Товары'!$C:$C,">="&B9,'Товары'!$C:$C,"<"&C9)) | E9: =IF(OR(B9="",C9=""),"",SUMIFS('Товары'!$D:$D,'Товары'!$C:$C,">="&B9,'Товары'!$C:$C,"<"&C9))
D10: =IF(OR(B10="",C10=""),"",COUNTIFS('Товары'!$C:$C,">="&B10,'Товары'!$C:$C,"<"&C10)) | E10: =IF(OR(B10="",C10=""),"",SUMIFS('Товары'!$D:$D,'Товары'!$C:$C,">="&B10,'Товары'!$C:$C,"<"&C10))
D11: =IF(OR(B11="",C11=""),"",COUNTIFS('Товары'!$C:$C,">="&B11,'Товары'!$C:$C,"<"&C11)) | E11: =IF(OR(B11="",C11=""),"",SUMIFS('Товары'!$D:$D,'Товары'!$C:$C,">="&B11,'Товары'!$C:$C,"<"&C11))
D12: =IF(OR(B12="",C12=""),"",COUNTIFS('Товары'!$C:$C,">="&B12,'Товары'!$C:$C,"<"&C12)) | E12: =IF(OR(B12="",C12=""),"",SUMIFS('Товары'!$D:$D,'Товары'!$C:$C,">="&B12,'Товары'!$C:$C,"<"&C12))
D13: =IF(OR(B13="",C13=""),"",COUNTIFS('Товары'!$C:$C,">="&B13,'Товары'!$C:$C,"<"&C13)) | E13: =IF(OR(B13="",C13=""),"",SUMIFS('Товары'!$D:$D,'Товары'!$C:$C,">="&B13,'Товары'!$C:$C,"<"&C13))
D14: =IF(OR(B14="",C14=""),"",COUNTIFS('Товары'!$C:$C,">="&B14,'Товары'!$C:$C,"<"&C14)) | E14: =IF(OR(B14="",C14=""),"",SUMIFS('Товары'!$D:$D,'Товары'!$C:$C,">="&B14,'Товары'!$C:$C,"<"&C14))
D15: =IF(OR(B15="",C15=""),"",COUNTIFS('Товары'!$C:$C,">="&B15,'Товары'!$C:$C,"<"&C15)) | E15: =IF(OR(B15="",C15=""),"",SUMIFS('Товары'!$D:$D,'Товары'!$C:$C,">="&B15,'Товары'!$C:$C,"<"&C15))
D16: =IF(OR(B16="",C16=""),"",COUNTIFS('Товары'!$C:$C,">="&B16,'Товары'!$C:$C,"<"&C16)) | E16: =IF(OR(B16="",C16=""),"",SUMIFS('Товары'!$D:$D,'Товары'!$C:$C,">="&B16,'Товары'!$C:$C,"<"&C16))
D17: =IF(OR(B17="",C17=""),"",COUNTIFS('Товары'!$C:$C,">="&B17,'Товары'!$C:$C,"<"&C17)) | E17: =IF(OR(B17="",C17=""),"",SUMIFS('Товары'!$D:$D,'Товары'!$C:$C,">="&B17,'Товары'!$C:$C,"<"&C17))
... D35: =IF(OR(B35="",C35=""),"",COUNTIFS('Товары'!$C:$C,">="&B35,'Товары'!$C:$C,"<"&C35)) | E35: =IF(OR(B35="",C35=""),"",SUMIFS('Товары'!$D:$D,'Товары'!$C:$C,">="&B35,'Товары'!$C:$C,"<"&C35))
A37: Ценовая лестница: задайте свои границы диапазонов (в примере они условные). Видно, где ассортимент густой, а где в лестнице дыра.
A38: Диапазоны не должны пересекаться: «До» одной строки равно «От» следующей. Верхнюю границу последнего диапазона поставьте выше самой дорогой вещи.
